{
    "loss": 6.035587310791016,
    "accuracy": 0.5035971403121948
}